key,english,category,flagged_term,removed_from,leaked_token,hi,corrected_hi,bn,corrected_bn,mr,corrected_mr,kn,corrected_kn,ta,corrected_ta,te,corrected_te
dashCanFocusLearningDischarge,"You can focus on learning, discharge changes and kits here! Docsy helps guide you.",anatomy / clinical,discharge,,,"आप यहां सीखने, डिस्चार्ज परिवर्तनों और किट पर ध्यान केंद्रित कर सकते हैं! डॉक्सी आपको मार्गदर्शन करने में मदद करता है।",,"আপনি এখানে শেখার, স্রাবের পরিবর্তন এবং কিটগুলিতে মনোনিবেশ করতে পারেন! ডকসি আপনাকে গাইড করতে সহায়তা করে ।",,"आपण येथे शिकण्यावर, डिस्चार्ज बदलांवर आणि किट्सवर लक्ष केंद्रित करू शकता! डॉक्युमेंट्री तुम्हाला मार्गदर्शन करते.",,ಡೊಸಿ ನಿಮಗೆ ಮಾರ್ಗದರ್ಶನ ನೀಡುತ್ತಾಳೆ.,,டாக்ஸி உங்களுக்கு வழிகாட்டியாக இருக்கிறார்.,,డాక్సీ మీకు మార్గనిర్దేశమిస్తుంది.,
fpsCrampRescue,Cramp Rescue →,anatomy / clinical,cramp,,,ऐंठन से बचाव →,,ক্র্যাম্প রেসকিউ →,,(not translated),,ಕ್ರಾಮ್‌ಪ್ಯಾ,,க்ரம்ப் - ரைட்,,క్రామ్‌ప్‌ ఫెర్నాన్‌,
oAreYouCurrentlyUsing,Are you currently using hormonal contraception?,anatomy / clinical,hormonal,,,क्या आप अभी हार्मोनल गर्भनिरोधक ले रही हैं?,,আপনি কি বর্তমানে হরমোনাল জন্মনিয়ন্ত্রণ নিচ্ছেন?,,तुम्ही सध्या हार्मोनल गर्भनिरोधक घेत आहात का?,,ನೀವು ಈಗ ಹಾರ್ಮೋನ್ ಗರ್ಭನಿರೋಧಕ ಬಳಸುತ್ತಿದ್ದೀರಾ?,,நீங்கள் தற்போது ஹார்மோன் கருத்தடை பயன்படுத்துகிறீர்களா?,,మీరు ప్రస్తుతం హార్మోన్ల గర్భనిరోధకం వాడుతున్నారా?,
sqAreYouUsingHormonal,Are you using hormonal contraception?,anatomy / clinical,hormonal,,,क्या आप हार्मोनल गर्भनिरोधक ले रही हैं?,,আপনি কি হরমোনাল জন্মনিয়ন্ত্রণ নিচ্ছেন?,,तुम्ही हार्मोनल गर्भनिरोधक घेत आहात का?,,ನೀವು ಹಾರ್ಮೋನ್ ಗರ್ಭನಿರೋಧಕ ಬಳಸುತ್ತಿದ್ದೀರಾ?,,நீங்கள் ஹார்மோன் கருத்தடை பயன்படுத்துகிறீர்களா?,,మీరు హార్మోన్ల గర్భనిరోధకం వాడుతున్నారా?,
sqWhichHormonalConditionS,Which hormonal condition(s) apply to you?,anatomy / clinical,hormonal,,,कौन सी हार्मोनल स्थिति आप पर लागू होती है?,,কোন হরমোনাল অবস্থা আপনার ক্ষেত্রে প্রযোজ্য?,,कोणती हार्मोनल स्थिती तुम्हाला लागू होते?,,ಯಾವ ಹಾರ್ಮೋನ್ ಸ್ಥಿತಿ ನಿಮಗೆ ಅನ್ವಯಿಸುತ್ತದೆ?,,எந்த ஹார்மோன் நிலை உங்களுக்குப் பொருந்தும்?,,ఏ హార్మోన్ల పరిస్థితి మీకు వర్తిస్తుంది?,
dashHormonalRhythmTracker,Hormonal Rhythm Tracker,anatomy / clinical + mt defect,hormonal,kn ta te,Query Rythm,हार्मोनल रिदम ट्रैकर,,হরমোনাল রিদম ট্র্যাকার,,हार्मोनल ताल ट्रॅकर,,(not translated),,(not translated),,(not translated),
fpsCrampRescue2,Cramp Rescue,anatomy / clinical + mt defect,cramp,kn te,Name,ऐंठन से बचाव,,ক্র্যাম্প রেসকিউ,,(not translated),,(not translated),,கிராம்பி காப்பகம்,,(not translated),
cYourCycleLengthIs,Your cycle length is varying. Log your symptoms daily so Docsy can adjust predictions.,cycle,cycle,,,आपके चक्र की अवधि बदल रही है। रोज़ अपने लक्षण दर्ज करें ताकि Docsy अनुमान सुधार सके।,,আপনার চক্রের দৈর্ঘ্য বদলাচ্ছে। প্রতিদিন উপসর্গ নথিভুক্ত করুন যাতে Docsy পূর্বাভাস ঠিক করতে পারে।,,तुमच्या चक्राची लांबी बदलत आहे. रोज तुमची लक्षणे नोंदवा जेणेकरून Docsy अंदाज सुधारू शकेल.,,"ನಿಮ್ಮ ಚಕ್ರದ ಉದ್ದ ಬದಲಾಗುತ್ತಿದೆ. ಪ್ರತಿದಿನ ಲಕ್ಷಣಗಳನ್ನು ದಾಖಲಿಸಿ, Docsy ಮುನ್ಸೂಚನೆಗಳನ್ನು ಸರಿಪಡಿಸುತ್ತದೆ.",,"உங்கள் சுழற்சியின் நீளம் மாறுகிறது. தினமும் அறிகுறிகளைப் பதிவு செய்யுங்கள், Docsy கணிப்புகளைச் சரிசெய்யும்.",,"మీ చక్రం నిడివి మారుతోంది. ప్రతిరోజూ లక్షణాలను నమోదు చేయండి, Docsy అంచనాలను సరిచేస్తుంది.",
cpEGLutealMoodswings,"e.g., Luteal, MoodSwings, SleepTips",cycle,luteal,,,"जैसे, ल्यूटियल, मूडस्विंग्स, स्लीपटिप्स",,"যেমন, লুটিয়াল, মুডসুইংস, স্লিপটিপস",,"उदा., ल्युटियल, मूडस्विंग्ज, स्लीपटिप्स",,"ಉದಾ., ಲ್ಯೂಟಿಯಲ್, ಮೂಡ್‌ಸ್ವಿಂಗ್ಸ್, ಸ್ಲೀಪ್‌ಟಿಪ್ಸ್",,"எ.கா., லூட்டியல், மூட்ஸ்விங்ஸ், ஸ்லீப்டிப்ஸ்",,"ఉదా., లూటియల్, మూడ్‌స్వింగ్స్, స్లీప్‌టిప్స్",
dashAiGeneratedTrendsAcross,AI-generated trends across multiple cycle logs,cycle,cycle,,,कई साइकिल लॉग में AI - जनरेट किए गए रुझान,,একাধিক চক্র লগ জুড়ে AI-উত্পাদিত প্রবণতা,,बहु - चक्र लॉगमध्ये एआय - व्युत्पन्न ट्रेंड,,ಬಹು ಆವರ್ತನ ಪರಿವರ್ತನಾ ಪುಟಗಳಾದ್ಯಂತ ಐ- ಲಿಪ್ಯಂಶಗಳು,,பல சுழற்சி உருளல் வழியாக II- இயக்கத்தின் போக்குகள்,,బహుళ సైకిల్ రివర్సు అంతటా IA- వైభవాలు,
dashLearningCycleCompanion,Your learning cycle companion.,cycle,cycle,,,आपका लर्निंग साइकिल साथी।,,আপনার শিখনচক্রের সহচর ।,,तुमची शिकण्याची सायकल सहयोगी.,,ಅಂತ ಕೇಳಿ.,,உங்கள் கற்கும் சுழற்சி தோழி.,,మీరు నేర్చుకునేవి వలయాకారి.,
dashLogOvulation,Log Ovulation,cycle,ovulation,,,लॉग ओव्यूलेशन,,লগ ডিম্বস্ফোটন,,लॉग ओव्हुलेशन,,ಕಾರ್ಯಚರಿ (ಲಾಗ್) ಅನುಕ್ರಮ (ಎಮುಲೇಶನ್),,பதிவேடு ஏற்றம்,,లాగ్ ఎడిషన్,
dashOvulationLoggedSuccessfully,Ovulation logged successfully!,cycle,ovulation,,,ओव्यूलेशन सफलतापूर्वक लॉग किया गया!,,ডিম্বস্ফোটন সফলভাবে নথিভুক্ত হয়েছে!,,ओव्हुलेशन यशस्वीरित्या लॉग इन केले!,,ಉತ್ಥಾಪಣೆ ಸಫಲವಾಗಿ ನಿರ್ಗಮಿಸಿದೆ!,,காப்பகத்தில் வெற்றி தோல்வி அடைந்தது!,,అచేతనం సమర్ధవంతంగా దింపబడింది!,
dashPatternsTitle,CYCLE PATTERNS & INSIGHTS,cycle,cycle,,,चक्र के पैटर्न और टिप्पणियाँ,,চক্রের প্যাটার্ন ও পর্যবেক্ষণ,,चक्राचे नमुने आणि निरीक्षणे,,ಚಕ್ರದ ಮಾದರಿಗಳು ಮತ್ತು ಅವಲೋಕನಗಳು,,சுழற்சி முறைகள் மற்றும் கவனிப்புகள்,,చక్ర నమూనాలు మరియు పరిశీలనలు,
dashRecentCycleHistory,RECENT CYCLE HISTORY,cycle,cycle,,,हाल के चक्र का इतिहास,,সাম্প্রতিক চক্রের ইতিহাস,,अलीकडील चक्र इतिहास,,ಇತ್ತೀಚಿನ ಚಕ್ರ ಚರಿತ್ರೆ,,சமீபத்திய சுழற்சி வரலாறு,,ఇటీవలి సైకిల్ చరిత్ర,
dashSCompletelyNormalFirst,It's completely normal for your first few cycles to be irregular. Your body is gently finding its own natural rhythm.,cycle,cycles,,,शुरुआती कुछ मासिक धर्म चक्रों का अनियमित होना बिल्कुल सामान्य है। आपका शरीर धीरे-धीरे अपनी प्राकृतिक लय प्राप्त कर रहा है।,,আপনার প্রথম কয়েকটি চক্র অনিয়মিত হওয়া সম্পূর্ণ স্বাভাবিক । আপনার শরীর আস্তে আস্তে তার নিজস্ব প্রাকৃতিক ছন্দ খুঁজে পাচ্ছে ।,,तुमच्या पहिल्या काही चक्रांसाठी अनियमित असणे पूर्णपणे सामान्य आहे. तुमचे शरीर हळूहळू त्याच्या नैसर्गिक लयीचा शोध घेत आहे.,,ನಿಮ್ಮ ಮೊದಲ ಕೆಲವು ಚಕ್ರಗಳು ಸರಿಯಾಗಿರುವುದಿಲ್ಲ. ನಿಮ್ಮ ದೇಹವು ಮೆಲ್ಲಮೆಲ್ಲನೆ ಅದರ ಸ್ವಾಭಾವಿಕ ನಯವನ್ನು ಹುಡುಕುತ್ತಿದೆ.,,உங்கள் முதல் சில சுழற்சிகள் ஒழுங்கற்றதாக இருக்க இது முற்றிலும் இயல்பானது. உங்கள் உடல் அதன் இயற்கைத் தோராயமாக இருக்கிறது.,,మీ శరీరం నెమ్మదిగా దాని సహజ వాయిద్యాన్ని కనుగొంటుంది.,
dashSendCycleArticlesParent,Send cycle articles to parent or consult conversation guides.,cycle,cycle,,,माता - पिता को साइकिल लेख भेजें या बातचीत गाइड से परामर्श करें।,,পিতামাতার কাছে চক্র নিবন্ধ পাঠান বা কথোপকথন গাইডের সাথে পরামর্শ করুন ।,,पालकांना सायकल लेख पाठवा किंवा संभाषण मार्गदर्शकांचा सल्ला घ्या.,,ಈ ಲೇಖನಗಳಲ್ಲಿ ಕೆಲವು ಹೆಸರುಗಳನ್ನು ಬದಲಾಯಿಸಲಾಗಿದೆ.,,என்று உங்களையே கேட்டுக்கொள்ளுங்கள்.,,ఈ ఆర్టికల్‌లో మూడు ప్రశ్నలకు జవాబులు తెలుసుకుంటాం.,
fpsInsightsForYourPhase,Insights for your phase,cycle,phase,,,आपके चरण के लिए जानकारी,,আপনার পর্বের জন্য অন্তর্দৃষ্টি,,(not translated),,ನಿಮ್ಮ ಸನ್ನಿವೇಶಕ್ಕೆ ಸಂಬಂಧಪಟ್ಟ ಒಳನೋಟಗಳು,,உங்கள் நிலைக்கான உட்பார்வை,,మీ పరిస్థితేను గురించిన అంతర్దృష్టి,
hhYourCycle,YOUR CYCLE,cycle,cycle,,,आपका चक्र,,আপনার চক্র,,(not translated),,ನಿಮ್ಮ ಚಕ್ರ,,உங்கள் சுழற்சி,,మీ సైకిల్,
oHowWouldYouDescribe,How would you describe your cycle?,cycle,cycle,,,आप अपने चक्र का वर्णन कैसे करेंगी?,,আপনি আপনার চক্রকে কীভাবে বর্ণনা করবেন?,,तुम्ही तुमच्या चक्राचे वर्णन कसे कराल?,,ನಿಮ್ಮ ಚಕ್ರವನ್ನು ಹೇಗೆ ವಿವರಿಸುತ್ತೀರಿ?,,உங்கள் சுழற்சியை எப்படி விவரிப்பீர்கள்?,,మీ చక్రాన్ని మీరు ఎలా వర్ణిస్తారు?,
periMyChangingCycle,MY CHANGING CYCLE,cycle,cycle,,,मेरा बदलता चक्र,,আমার পরিবর্তিত চক্র,,(not translated),,ನನ್ನ ಬದಲಾವಣೆ ಚಕ್ರ,,என் சுழற்சி,,నాయెత్తు వ్యవధి,
periRecentCycleIntervals,Recent Cycle Intervals,cycle,cycle,,,हाल के चक्र अंतराल,,সাম্প্রতিক চক্রের ব্যবধান,,(not translated),,ಇತ್ತೀಚಿನ ಆವರ್ತನ ಬದಲಾವಣೆಗಳು,,சமீபத்திய சுழற்சி இடைவெளிகள்,,ఇటీవలి రొటేషన్ విరామం,
plPairingWithYourPartner,"Pairing with your partner enables live AI insights, phase tracking, and support advice on the Learn page.",cycle,phase,,,"अपनी साथी से जुड़ने पर लाइव AI जानकारी, चरण ट्रैकिंग और Learn पेज पर सहयोग संबंधी सुझाव मिलते हैं।",,"সঙ্গীর সঙ্গে যুক্ত হলে লাইভ AI তথ্য, পর্যায় ট্র্যাকিং এবং Learn পাতায় সহায়তার পরামর্শ পাওয়া যায়।",,"जोडीदाराशी जोडल्यावर थेट AI माहिती, टप्पा नोंदणी आणि Learn पानावर आधाराचे सल्ले मिळतात.",,"ಸಂಗಾತಿಯೊಂದಿಗೆ ಜೋಡಿಯಾದರೆ ನೇರ AI ಮಾಹಿತಿ, ಹಂತ ಟ್ರ್ಯಾಕಿಂಗ್ ಮತ್ತು Learn ಪುಟದಲ್ಲಿ ಬೆಂಬಲ ಸಲಹೆಗಳು ಸಿಗುತ್ತವೆ.",,"துணையுடன் இணைந்தால் நேரலை AI தகவல்கள், நிலை கண்காணிப்பு மற்றும் Learn பக்கத்தில் ஆதரவு ஆலோசனைகள் கிடைக்கும்.",,"భాగస్వామితో జతకూడితే ప్రత్యక్ష AI సమాచారం, దశ ట్రాకింగ్ మరియు Learn పేజీలో మద్దతు సూచనలు లభిస్తాయి.",
sLutealRecoveryActionChecklist,Luteal Recovery Action Checklist,cycle,luteal,,,ल्यूटियल रिकवरी कार्य सूची,,লুটিয়াল রিকভারি কাজের তালিকা,,ल्युटियल रिकव्हरी कृती यादी,,ಲ್ಯೂಟಿಯಲ್ ಚೇತರಿಕೆ ಕಾರ್ಯಪಟ್ಟಿ,,லூட்டியல் மீட்பு செயல் பட்டியல்,,లూటియల్ కోలుకునే పనుల జాబితా,
sqHowWouldYouDescribe,How would you describe your cycle?,cycle,cycle,,,आप अपने चक्र का वर्णन कैसे करेंगी?,,আপনি আপনার চক্রকে কীভাবে বর্ণনা করবেন?,,तुम्ही तुमच्या चक्राचे वर्णन कसे कराल?,,ನಿಮ್ಮ ಚಕ್ರವನ್ನು ಹೇಗೆ ವಿವರಿಸುತ್ತೀರಿ?,,உங்கள் சுழற்சியை எப்படி விவரிப்பீர்கள்?,,మీ చక్రాన్ని మీరు ఎలా వర్ణిస్తారు?,
tourHomeBody,"Your day at a glance: cycle, check-ins and what to expect. Log how you feel here.",cycle,cycle,,,"आपका दिन एक नज़र में: चक्र, चेक-इन और आगे क्या उम्मीद करें। यहाँ दर्ज करें कि आप कैसा महसूस कर रही हैं।",,"এক নজরে আপনার দিন: চক্র, চেক-ইন এবং কী আশা করবেন। আপনি কেমন বোধ করছেন তা এখানে লিখুন।",,"तुमचा दिवस एका नजरेत: चक्र, चेक-इन आणि पुढे काय अपेक्षित आहे. तुम्हाला कसे वाटते ते इथे नोंदवा.",,"ನಿಮ್ಮ ದಿನ ಒಂದೇ ನೋಟದಲ್ಲಿ: ಚಕ್ರ, ಚೆಕ್-ಇನ್ ಮತ್ತು ಏನನ್ನು ನಿರೀಕ್ಷಿಸಬೇಕು. ನೀವು ಹೇಗೆ ಅನಿಸುತ್ತಿದೆ ಎಂದು ಇಲ್ಲಿ ದಾಖಲಿಸಿ.",,"உங்கள் நாள் ஒரே பார்வையில்: சுழற்சி, செக்-இன் மற்றும் என்ன எதிர்பார்க்கலாம். நீங்கள் எப்படி உணர்கிறீர்கள் என்பதை இங்கே பதிவு செய்யுங்கள்.",,"మీ రోజు ఒక్క చూపులో: చక్రం, చెక్-ఇన్ మరియు ఏమి ఆశించాలి. మీరు ఎలా అనుభూతి చెందుతున్నారో ఇక్కడ నమోదు చేయండి.",
ttcNaturalCycleToCycleRhythm,Natural Cycle-to-Cycle Rhythm,cycle,cycle,,,प्राकृतिक चक्र - से - चक्र लय,,স্বাভাবিক চক্র থেকে চক্রের ছন্দ,,(not translated),,ನೈಸರ್ಗಿಕ ಆವರ್ತನದಿಂದ ಸಿಕ್ಲಿಕಲ್ Rhythm,,இயற்கை சுழற்சியிலிருந்து Cycle Rhythm,,సహజ ఆకారం నుండి Cycle Rhythm,
dashCycleOverview,CYCLE OVERVIEW,cycle + mt defect,cycle,kn te,Comment NAME OF TRANSLATORS,साइकिल की झलक,,চক্রের সংক্ষিপ্ত বিবরণ,,(not translated),,(not translated),,சுழற்சி விவரம்,,(not translated),
dashBasalBodyTemperatureBbt,BASAL BODY TEMPERATURE (BBT),fertility,bbt,,,शरीर का मूल तापमान (बीबीटी),,বেসাল বডি টেম্পারেচার (BBT),,मूलभूत शरीराचे तापमान (बीबीटी),,ಬಾಸ್ಟಲ್‌ ದೇಹ ಉಷ್ಣತೆ (ಬಿಟ್‌),,பாஸ்டல் உடலின் வெப்பநிலை (bt),,బాసల్‌ శరీర ఉష్ణోగ్రత (బిట్‌),
dashFertilityJourney,Your Fertility Journey,fertility,fertility,,,आपकी प्रजनन यात्रा,,আপনার উর্বরতা যাত্রা,,तुमचा प्रजनन प्रवास,,ನಿಮ್ಮ ಅಭ್ಯರ್ಥಿ ಪ್ರಯಾಣ,,உங்கள் அரிய வாழ்க்கைப் பயணம்,,మీ అధీనం పయనం,
oAreYouCurrentlyReceiving2,Are you currently receiving fertility treatment?,fertility,fertility,,,क्या आपका अभी प्रजनन उपचार चल रहा है?,,আপনার কি বর্তমানে প্রজনন চিকিৎসা চলছে?,,तुमच्यावर सध्या प्रजनन उपचार सुरू आहेत का?,,ನಿಮಗೆ ಈಗ ಫಲವತ್ತತೆ ಚಿಕಿತ್ಸೆ ನಡೆಯುತ್ತಿದೆಯೇ?,,உங்களுக்கு தற்போது கருவுறுதல் சிகிச்சை நடக்கிறதா?,,మీకు ప్రస్తుతం సంతానోత్పత్తి చికిత్స జరుగుతోందా?,
oHowAreYouTracking,How are you tracking fertility?,fertility,fertility,,,आप प्रजनन क्षमता को कैसे ट्रैक कर रही हैं?,,আপনি প্রজনন ক্ষমতা কীভাবে নথিভুক্ত করছেন?,,तुम्ही प्रजननक्षमता कशी नोंदवता?,,ನೀವು ಫಲವತ್ತತೆಯನ್ನು ಹೇಗೆ ದಾಖಲಿಸುತ್ತಿದ್ದೀರಿ?,,கருவுறுதலை எப்படிக் கண்காணிக்கிறீர்கள்?,,మీరు సంతానోత్పత్తిని ఎలా ట్రాక్ చేస్తున్నారు?,
sqAreYouUndergoingFertility,Are you undergoing fertility assistance?,fertility,fertility,,,क्या आप प्रजनन सहायता ले रही हैं?,,আপনি কি প্রজনন সহায়তা নিচ্ছেন?,,तुम्ही प्रजनन सहाय्य घेत आहात का?,,ನೀವು ಫಲವತ್ತತೆ ನೆರವು ಪಡೆಯುತ್ತಿದ್ದೀರಾ?,,நீங்கள் கருவுறுதல் உதவி பெறுகிறீர்களா?,,మీరు సంతానోత్పత్తి సహాయం పొందుతున్నారా?,
sqHowAreYouTracking,How are you tracking fertility?,fertility,fertility,,,आप प्रजनन क्षमता को कैसे ट्रैक कर रही हैं?,,আপনি প্রজনন ক্ষমতা কীভাবে নথিভুক্ত করছেন?,,तुम्ही प्रजननक्षमता कशी नोंदवता?,,ನೀವು ಫಲವತ್ತತೆಯನ್ನು ಹೇಗೆ ದಾಖಲಿಸುತ್ತಿದ್ದೀರಿ?,,கருவுறுதலை எப்படிக் கண்காணிக்கிறீர்கள்?,,మీరు సంతానోత్పత్తిని ఎలా ట్రాక్ చేస్తున్నారు?,
sqHowLongHaveYou,How long have you been trying to conceive?,fertility,conceive,,,आप कब से गर्भधारण की कोशिश कर रही हैं?,,আপনি কতদিন ধরে গর্ভধারণের চেষ্টা করছেন?,,तुम्ही किती काळापासून गर्भधारणेचा प्रयत्न करत आहात?,,ಎಷ್ಟು ಸಮಯದಿಂದ ಗರ್ಭಧಾರಣೆಗೆ ಪ್ರಯತ್ನಿಸುತ್ತಿದ್ದೀರಿ?,,எவ்வளவு காலமாக கருத்தரிக்க முயற்சி செய்கிறீர்கள்?,,మీరు ఎంతకాలంగా గర్భధారణకు ప్రయత్నిస్తున్నారు?,
ttcPauseFertilityTracking,Pause Fertility Tracking,fertility,fertility,,,प्रजनन ट्रैकिंग रोकें,,ফার্টিলিটি ট্র্যাকিং বন্ধ করুন,,(not translated),,ಈ ಸಮಸ್ಯೆಯನ್ನು ಬಗೆಹರಿಸುವುದು ಹೇಗೆಂದು ನಾನು ನಿರ್ಧರಿಸಿದೆ.,,இடைநிலைப் போக்கை நிறுத்துதல்,,ఇంటెన్సివ్‌ ఎగ్జిక్యూటివ్‌ ట్రీట్‌మెంట్‌,
dashEmpoweredPostMenopauseWellness,EMPOWERED POST-MENOPAUSE WELLNESS CARDS,menopause,menopause,,,रजोनिवृत्ति के बाद वेलनेस कार्ड को सशक्त बनाना,,ক্ষমতায়িত মেনোপজ-পরবর্তী সুস্থতা কার্ড,,(not translated),,ಸುಧಾರಿತ ಸುಮಧುರ ಕಾರ್ಡುಗಳು,,சக்தியூட்டும் பின்தங்கக்கூடிய துணுக்கு அட்டைகள்,,కాప్చర్ పోస్ట్-ప్రెసిషన్ వుడ్రస్‌ కార్డులు,
dashConfirmCorrectPeriodStart,Confirm or correct your period start and end dates below.,menstruation,period,,,नीचे अपने पीरियड के शुरू और खत्म होने की तारीखों को कन्फ़र्म या सही करें।,,নিচে আপনার পিরিয়ড শুরু এবং শেষের তারিখগুলি নিশ্চিত করুন বা সংশোধন করুন ।,,खाली तुमच्या कालावधीच्या सुरुवातीच्या आणि समाप्तीच्या तारखांची पुष्टी करा किंवा दुरुस्त करा.,,ನಿಮ್ಮ ಅವಧಿ ಆರಂಭ ಹಾಗು ಕೊನೆಯ ದಿನಾಂಕಗಳನ್ನು ಖಚಿತಪಡಿಸಿರಿ ಅಥವಾ ಸರಿಪಡಿಸಿರಿ.,,உங்கள் காலாவதி மற்றும் முடிவு தேதிகளை உறுதி செய்யவும் அல்லது சரிசெய்யவும்.,,మీ కాలము ప్రారంభము మరియు ముగింపు తేదీలను నిర్ధారించుము లేదా సరిచేయు.,
dashFirstPeriodKitChecklist,FIRST PERIOD KIT CHECKLIST,menstruation,period,,,फर्स्ट पीरियड किट चेकलिस्ट,,প্রথম পিরিয়ড কিট চেকলিস্ট,,फर्स्ट पीरियड किट चेकलिस्ट,,ಶ. ಪೂ.,,முதல் கால அட்டவணை,,సా. శ.,
dashFirstPeriodKitStatus,FIRST PERIOD KIT STATUS,menstruation,period,,,पहली अवधि की किट की स्थिति,,ফার্স্ট পিরিয়ড কিট স্ট্যাটাস,,प्रथम कालावधी किट स्थिती,,ಮೊದಲ ಅವಧಿಯ ಉಪಘಟಕ,,முதல் கால அளவு,,మొదటి వ్యవధి కిట్ స్థితి,
dashFlowLevel,FLOW LEVEL,menstruation,flow,,,रक्तस्राव स्तर,,রক্তস্রাবের মাত্রা,,रक्तस्राव पातळी,,ಹರಿವಿನ ಮಟ್ಟ,,பாய்வு அளவு,,ప్రవాహ స్థాయి,
dashHowDoITrack,How do I track if I haven't got my period yet?,menstruation,period,,,"अगर मुझे अभी तक मेरा पीरियड नहीं मिला है, तो मैं कैसे ट्रैक करूँ?",,আমার পিরিয়ড এখনও না হলে আমি কীভাবে ট্র্যাক করব?,,जर मला अद्याप माझा कालावधी मिळाला नसेल तर मी ट्रॅक कसा करू?,,ನನ್ನ ಕಾಲಾವಧಿ ಇನ್ನೂ ಬಂದಿಲ್ಲದಿದ್ದರೆ ನಾನು ಹೇಗೆ ಡ್ಯಾಡಿ ಹೋಗುತ್ತೇನೆ?,,நான் இன்னும் என் காலம் இல்லை என்றால் நான் எப்படி கண்காணிக்க வேண்டும்?,,నేను ఇంకా నా కాలం వచ్చింది లేదు ఉంటే ఎలా ట్రాక్ లేదు?,
dashLogEditPeriod,Log / Edit Period,menstruation,period,,,लॉग / एडिट अवधि,,লগ / এডিট পিরিয়ড,,लॉग / संपादन कालावधी,,ದಾಖಲೆ / ಸಂಪಾದಿಸುವ ಸಮಯ,,லாக் / திருத்த நேரம்,,లాగ్ / సరిచేయు కాలము,
dashLogPeriod,Log period,menstruation,period,,,मासिक धर्म दर्ज करें,,মাসিক নথিভুক্ত করুন,,मासिक पाळी नोंदवा,,ಋತುಚಕ್ರ ದಾಖಲಿಸಿ,,மாதவிடாயைப் பதிவு செய்,,పీరియడ్ నమోదు చేయండి,
dashNextPeriodMayArrive,"Your next period may arrive within the next few weeks. Because your cycles vary, this is only an estimate.",menstruation,period,,,"आपकी अगली अवधि अगले कुछ हफ़्तों में आ सकती है। चूँकि आपके चक्र अलग - अलग होते हैं, इसलिए यह केवल एक अनुमान है।",,"আপনার পরবর্তী পিরিয়ড আগামী কয়েক সপ্তাহের মধ্যে আসতে পারে । যেহেতু আপনার চক্রগুলি পরিবর্তিত হয়, এটি কেবল একটি অনুমান ।",,"तुमचा पुढचा टप्पा येत्या काही आठवड्यांत येऊ शकतो. तुमच्या चक्रात बदल होत असल्यामुळे, हा फक्त एक अंदाज आहे.",,ನಿಮ್ಮ ಮುಂದಿನ ಅವಧಿಯು ಮುಂದಿನ ಕೆಲವು ವಾರಗಳಲ್ಲಿ ತಲಪಬಹುದು.,,அடுத்த சில வாரங்களுக்குள் உங்கள் அடுத்த காலம் வரக்கூடும்.,,మీ తర్వాతి వారంలో వచ్చే అవకాశం మీకు కొన్ని వారాలకే రావచ్చు.,
dashPeriodEndDateOptional,PERIOD END DATE (OPTIONAL),menstruation,period,,,अवधि खत्म होने की तारीख (ज़रूरी नहीं),,পিরিয়ড শেষ হওয়ার তারিখ (ঐচ্ছিক),,कालावधी समाप्तीची तारीख (ऐच्छिक),,ಅವಧಿ ಅಂತ್ಯಗೊಳ್ಳುವ ದಿನಾಂಕ (ಐಚ್ಛಿಕ),,காலாவதியான முடிவு தேதி (தேவைப்பட்டால்),,కాలముగింపు చివరి తేదీ (ఐచ్చికం),
dashPeriodStartDate,PERIOD START DATE,menstruation,period,,,अवधि शुरू होने की तारीख,,পিরিয়ড শুরুর তারিখ,,कालावधी सुरू होण्याची तारीख,,ಅವಧಿ ಆರಂಭಗೊಳ್ಳುತ್ತಿರುವ ದಿನಾಂಕ,,துவக்க தேதி,,కాలముగింపు ప్రారంభ తేదీ,
fpnsLogAPeriodStart,Log a period start,menstruation,period,,,पीरियड शुरू होने पर लॉग इन करें,,একটি পিরিয়ড শুরু করুন,,(not translated),,ಒಂದು ಅವಧಿಯನ್ನು ನಮೂದಿಸು,,ஒரு துவக்கத்தை பதி,,పాస్ వర్డు మొదలుపెట్టు,
fpsNoPeriodLoggedYet,No period logged yet,menstruation,period,,,अभी तक कोई अवधि लॉग नहीं हुई है,,এখনও কোনও পিরিয়ড লগ ইন করা হয়নি,,(not translated),,ಇನ್ನೂ ಯಾವುದೆ ಅವಧಿಯು ದಾಖಲಾಗಿಲ್ಲ,,இன்னும் பதிவு செய்யப்பட்ட காலம் இல்லை,,ఇంకా ఏ సమయం నమోదు కాలేదు,
hhNoPeriodLoggedYet,No period logged yet,menstruation,period,,,अभी तक कोई अवधि लॉग नहीं हुई है,,এখনও কোনও পিরিয়ড লগ ইন করা হয়নি,,(not translated),,ಇನ್ನೂ ಯಾವುದೆ ಅವಧಿಯು ದಾಖಲಾಗಿಲ್ಲ,,இன்னும் பதிவு செய்யப்பட்ட காலம் இல்லை,,ఇంకా ఏ సమయం నమోదు కాలేదు,
lwmcNoPeriodLoggedYet,No period logged yet,menstruation,period,,,अभी तक कोई अवधि लॉग नहीं हुई है,,এখনও কোনও পিরিয়ড লগ ইন করা হয়নি,,(not translated),,ಇನ್ನೂ ಯಾವುದೆ ಅವಧಿಯು ದಾಖಲಾಗಿಲ್ಲ,,இன்னும் பதிவு செய்யப்பட்ட காலம் இல்லை,,ఇంకా ఏ సమయం నమోదు కాలేదు,
oHowHaveYourPeriods,How have your periods changed?,menstruation,periods,,,आपके मासिक धर्म में क्या बदलाव आया है?,,আপনার ঋতুস্রাবে কী পরিবর্তন হয়েছে?,,तुमच्या पाळीत काय बदल झाले आहेत?,,ನಿಮ್ಮ ಋತುಸ್ರಾವದಲ್ಲಿ ಏನು ಬದಲಾಗಿದೆ?,,உங்கள் மாதவிடாயில் என்ன மாற்றம் ஏற்பட்டுள்ளது?,,మీ రుతుస్రావంలో ఏమి మారింది?,
oHowLongHasIt,How long has it been since your last period?,menstruation,period,,,आपके पिछले मासिक धर्म को कितना समय हो गया है?,,আপনার শেষ ঋতুস্রাবের কত দিন হয়েছে?,,तुमच्या शेवटच्या पाळीला किती काळ झाला?,,ನಿಮ್ಮ ಕೊನೆಯ ಋತುಸ್ರಾವವಾಗಿ ಎಷ್ಟು ಸಮಯವಾಯಿತು?,,உங்கள் கடைசி மாதவிடாய் ஆகி எவ்வளவு காலம்?,,మీ చివరి రుతుస్రావం అయ్యి ఎంతకాలం అయింది?,
oWhenDidYourFirst,When did your first period start?,menstruation,period,,,आपका पहला मासिक धर्म कब शुरू हुआ था?,,আপনার প্রথম ঋতুস্রাব কবে শুরু হয়েছিল?,,तुमची पहिली पाळी कधी सुरू झाली?,,ನಿಮ್ಮ ಮೊದಲ ಋತುಸ್ರಾವ ಯಾವಾಗ ಆರಂಭವಾಯಿತು?,,உங்கள் முதல் மாதவிடாய் எப்போது தொடங்கியது?,,మీ మొదటి రుతుస్రావం ఎప్పుడు మొదలైంది?,
oWhenDidYourLast,When did your last period begin?,menstruation,period,,,आपका पिछला मासिक धर्म कब शुरू हुआ था?,,আপনার শেষ ঋতুস্রাব কবে শুরু হয়েছিল?,,तुमची शेवटची पाळी कधी सुरू झाली?,,ನಿಮ್ಮ ಕೊನೆಯ ಋತುಸ್ರಾವ ಯಾವಾಗ ಆರಂಭವಾಯಿತು?,,உங்கள் கடைசி மாதவிடாய் எப்போது தொடங்கியது?,,మీ చివరి రుతుస్రావం ఎప్పుడు మొదలైంది?,
periLogPeriod,Log Period,menstruation,period,,,लॉग अवधि,,লগ পিরিয়ড,,(not translated),,ದಿನಚರಿ (ಲಾಗ್) ಸಮಯ,,பதிவேடு காலாவதி,,లాగ్ సమయం,
siaLogPeriodStart,Log period start date,menstruation,period,,,मासिक धर्म की शुरुआत की तारीख दर्ज करें,,মাসিক শুরুর তারিখ নথিভুক্ত করুন,,मासिक पाळी सुरू झाल्याची तारीख नोंदवा,,ಋತುಚಕ್ರ ಪ್ರಾರಂಭ ದಿನಾಂಕ ದಾಖಲಿಸಿ,,மாதவிடாய் தொடங்கிய தேதியைப் பதிவு செய்,,పీరియడ్ ప్రారంభ తేదీని నమోదు చేయండి,
siaPeriodRecorded,Period start date recorded.,menstruation,period,,,मासिक धर्म की शुरुआत दर्ज कर ली गई।,,মাসিক শুরুর তারিখ নথিভুক্ত হয়েছে।,,मासिक पाळी सुरू झाल्याची तारीख नोंदवली.,,ಋತುಚಕ್ರ ಪ್ರಾರಂಭ ದಿನಾಂಕ ದಾಖಲಾಗಿದೆ.,,மாதவிடாய் தொடக்க தேதி பதிவு செய்யப்பட்டது.,,పీరియడ్ ప్రారంభ తేదీ నమోదైంది.,
sqHowHaveYourPeriods,How have your periods changed?,menstruation,periods,,,आपके मासिक धर्म में क्या बदलाव आया है?,,আপনার ঋতুস্রাবে কী পরিবর্তন হয়েছে?,,तुमच्या पाळीत काय बदल झाले आहेत?,,ನಿಮ್ಮ ಋತುಸ್ರಾವದಲ್ಲಿ ಏನು ಬದಲಾಗಿದೆ?,,உங்கள் மாதவிடாயில் என்ன மாற்றம் ஏற்பட்டுள்ளது?,,మీ రుతుస్రావంలో ఏమి మారింది?,
sqHowLongHasIt,How long has it been since your last period?,menstruation,period,,,आपके पिछले मासिक धर्म को कितना समय हो गया है?,,আপনার শেষ ঋতুস্রাবের কত দিন হয়েছে?,,तुमच्या शेवटच्या पाळीला किती काळ झाला?,,ನಿಮ್ಮ ಕೊನೆಯ ಋತುಸ್ರಾವವಾಗಿ ಎಷ್ಟು ಸಮಯವಾಯಿತು?,,உங்கள் கடைசி மாதவிடாய் ஆகி எவ்வளவு காலம்?,,మీ చివరి రుతుస్రావం అయ్యి ఎంతకాలం అయింది?,
sqWhenDidYourFirst,When did your first period start?,menstruation,period,,,आपका पहला मासिक धर्म कब शुरू हुआ था?,,আপনার প্রথম ঋতুস্রাব কবে শুরু হয়েছিল?,,तुमची पहिली पाळी कधी सुरू झाली?,,ನಿಮ್ಮ ಮೊದಲ ಋತುಸ್ರಾವ ಯಾವಾಗ ಆರಂಭವಾಯಿತು?,,உங்கள் முதல் மாதவிடாய் எப்போது தொடங்கியது?,,మీ మొదటి రుతుస్రావం ఎప్పుడు మొదలైంది?,
sqWhenDidYourLast,When did your last period start?,menstruation,period,,,आपका पिछला मासिक धर्म कब शुरू हुआ था?,,আপনার শেষ ঋতুস্রাব কবে শুরু হয়েছিল?,,तुमची शेवटची पाळी कधी सुरू झाली?,,ನಿಮ್ಮ ಕೊನೆಯ ಋತುಸ್ರಾವ ಯಾವಾಗ ಆರಂಭವಾಯಿತು?,,உங்கள் கடைசி மாதவிடாய் எப்போது தொடங்கியது?,,మీ చివరి రుతుస్రావం ఎప్పుడు మొదలైంది?,
ttcPauseUntilNextPeriod,Pause until next period,menstruation,period,,,अगली अवधि तक रोकें,,পরবর্তী পিরিয়ড পর্যন্ত বিরতি দিন,,(not translated),,ಮುಂದಿನ ಅವಧಿಯವರೆಗೆ ತಾತ್ಕಾಲಿಕ ವಿರಮಿಸು,,அடுத்த கால இடைவெளி வரை தாமதி,,తరువాతి వ్యవధి వరకు విరామం చేయుము,
fpnsFirstPeriodKit,First-Period Kit,menstruation + mt defect,period,kn,Name,पहला पीरियड,,ফার্স্ট পিরিয়ড কিট,,(not translated),,(not translated),,முதல் பக்க கீட்,,మొదటి- లేడి- కిట్,
fpnsFirstPeriodKit2,First-period kit,menstruation + mt defect,period,te,Keyword,पहला पीरियड,,ফার্স্ট পিরিয়ড কিট,,(not translated),,ಮೊದಲ ಕಾಲ ಸ್ತಂಭದ ಕಿಟ್,,முதல் பகுதி அட்டை,,(not translated),
hhFlowIntensity,Flow Intensity,menstruation + mt defect,flow,te,color,प्रवाह की तीव्रता,,প্রবাহের তীব্রতা,,(not translated),,ಹರಿಯುವ ತಾಪ,,அதிர்வெண்,,(not translated),
hhLogPeriodDate,Log Period Date,menstruation + mt defect,period,te,Comment,लॉग अवधि की तारीख,,(not translated),,(not translated),,ದಿನಚರಿ (ಲಾಗ್) ದಿನ,,பதிவு காலாவதியான தேதி,,(not translated),
hhSavePeriodDate,Save Period Date,menstruation + mt defect,period,kn,action,अवधि की तारीख सेव करें,,পিরিয়ডের তারিখ সংরক্ষণ করুন,,(not translated),,(not translated),,தேதியை சேமி,,నెలను దాచు,
periLogPeriodStartDate,Log Period Start Date,menstruation + mt defect,period,kn te,NAME OF TRANSLATORS QSystemSemaphore,लॉग अवधि शुरू होने की तारीख,,লগ পিরিয়ড শুরুর তারিখ,,(not translated),,(not translated),,பதிவேடு துவக்க தேதி,,(not translated),
ttcLogPeriodDate,Log Period Date,menstruation + mt defect,period,te,Comment,लॉग अवधि की तारीख,,লগ পিরিয়ডের তারিখ,,(not translated),,ದಿನಚರಿ (ಲಾಗ್) ದಿನ,,பதிவு காலாவதியான தேதி,,(not translated),
dashAiGeneratedHabitInsights,AI-Generated Habit Insights,mt defect,,kn te,Name,एआई - जनरेट की गई आदत से जुड़ी जानकारी,,AI-উত্পাদিত অভ্যাসের অন্তর্দৃষ্টি,,(not translated),,(not translated),,AI- உருவாக்கிய பழக்க பார்வைகள்,,(not translated),
dashArticleSharedParent,Article shared with Parent!,mt defect,,mr,PHOTOS,माता - पिता के साथ साझा किया गया लेख!,,প্রবন্ধটি পিতামাতার সাথে শেয়ার করা হয়েছে!,,(not translated),,ಹೆತ್ತವರೊಂದಿಗೆ ಉಪಾಧ್ಯಾಯರು (ಇಂಗ್ಲಿಷ್‌) ಎಂಬ ಲೇಖನ!,,பிரிவு பெற்றோருடன் பகிர்ந்து கொள்ளப்படுகிறது!,,పేరెంట్‌తో భాగస్వామ్యం!,
dashGuides,Guides,mt defect,,kn,Name,मार्गदर्शक,,নির্দেশিকা,,मार्गदर्शक,,(not translated),,வழிகாட்டிகள்,,మార్గదర్శికులు,
dashLogBloodPressure,Log Blood Pressure,mt defect,,kn,Name,रक्तचाप,,রক্তচাপ,,रक्तदाब,,(not translated),,பதிவேடு இரத்த அழுத்தம்,,లాగ్ రక్తపోటు,
dashLongTermWellnessOverview,Long-Term Wellness Overview,mt defect,,kn,weenview,दीर्घकालिक स्वास्थ्य का अवलोकन,,দীর্ঘমেয়াদী সুস্থতার সংক্ষিপ্ত বিবরণ,,(not translated),,(not translated),,நீண்ட டெர்மின் ஒளிவுமறைவு,,లాంగ్- టెర్మోట్ వెతక ప్రతిరూపం,
dashNotesMStudio,NOTES & M STUDIO,mt defect,,kn te,Name,नोट्स एंड एम स्टूडियो,,নোট এবং এম স্টুডিও,,नोट्स आणि एम स्टुडिओ,,(not translated),,குறிப்புகள் & M ஸ்டோடியோ,,(not translated),
dashSharedTimelineReminders,Shared Timeline & Reminders,mt defect,,kn te,Comment,शेयर्ड टाइमलाइन और रिमाइंडर,,শেয়ার করা টাইমলাইন এবং অনুস্মারক,,सामायिक टाइमलाइन आणि स्मरणपत्रे,,(not translated),,பகிரப்பட்ட காலக்கெடு & நினைவுக்குறிப்புகள்,,(not translated),
dashTtcMStudioEntry,TTC M Studio Entry,mt defect,,kn te,MET Strigi,टीटीसी एम स्टूडियो एंट्री,,TTC M স্টুডিও এন্ট্রি,,टीटीसी एम स्टुडिओ प्रवेश,,(not translated),,TTC MD ஸ்டுடியோ உள்ளீடு,,(not translated),
dashViewWellnessHistory,View Wellness History,mt defect,,kn,NAME OF TRANSLATORS,वेलनेस हिस्ट्री देखें,,(not translated),,(not translated),,(not translated),,தோற்றத்தின் வரலாறு,,సొగసైన చరిత్రను వీక్షించు,
fpnsUpdatedDaily,Updated Daily,mt defect,,kn,info,प्रतिदिन अपडेट किया जाता है,,প্রতিদিন আপডেট করা হয়,,(not translated),,(not translated),,தினசரி புதுப்பிக்கப்பட்டது,,దైనందిన నవీకరించబడింది,
fpsQuickGuides,Quick Guides,mt defect,,kn te,Comment Name,झटपट गाइड,,দ্রুত গাইড,,(not translated),,(not translated),,விரைவான வழிகாட்டிகள்,,(not translated),
fpsShareWithMom,Share with Mom →,mt defect,,kn te,ASCII org,माँ के साथ शेयर करें →,,মায়ের সাথে শেয়ার করুন →,,(not translated),,(not translated),,அம்மாவுடன் பகிர்ந்துகொள்,,(not translated),
fpsUnderstandWithDocsy,Understand with Docsy →,mt defect,,te,org,डॉक्सी के साथ समझें →,,(not translated),,(not translated),,docsyಯಿಂದ ಕಲಿಯಿರಿ 07,,டாக்ஸியுடன் புரிந்துகொள்ளுங்கள் 74,,(not translated),
hhAddTreatmentProtocol,Add Treatment / Protocol,mt defect,,kn,plasma,उपचार / प्रोटोकॉल जोड़ें,,চিকিৎসা / প্রোটোকল যোগ করুন,,(not translated),,(not translated),,சிகிச்சை / நெறிமுறையை சேர்,,చికిత్స / ప్రొటొకాల్ జతచేయుము,
hhAnalyzeWithDocsy,Analyze with Docsy,mt defect,,kn te,Name,Docsy के साथ विश्लेषण करें,,(not translated),,(not translated),,(not translated),,Docsy உடன் ஆராய்தல்,,(not translated),
hhExitFlareMode,Exit Flare Mode,mt defect,,te,Endress,फ्लेयर मोड से बाहर निकलें,,ফ্লেয়ার মোড থেকে প্রস্থান করুন,,(not translated),,ಪರಾರಿಯಿಂದ ಹೊರನಡೆ,,நெகிழ்வு முறைமையில் இருந்து வெளியேறுக,,(not translated),
hhExploreWithDocsy,Explore with Docsy,mt defect,,te,Name,Docsy के साथ जायज़ा लें,,ডকসির সাথে অন্বেষণ করুন,,(not translated),,ಡೋಕ್ಸಿಯೊಂದಿಗಿನ ರಿಪೇರಿ,,Docsyயுடன் பின்னோக்கி,,(not translated),
hhSaveTreatment,Save Treatment,mt defect,,kn,Comment,इलाज सेव करें,,চিকিৎসা বাঁচান,,(not translated),,(not translated),,சிகிச்சையை சேமி,,చికిత్సను దాచు,
lwmcAskDocsy2,Ask Docsy →,mt defect,,kn,ASCII,Docsy से पूछें →,,ডকুমেন্টসিকে জিজ্ঞাসা করুন →,,(not translated),,(not translated),,Docsy யை கேள் SS,,డాక్సి అడగండి →,
lwmcTry,Try →,mt defect,,kn ta te,SIG SQL,कोशिश करें,,চেষ্টা করা,,(not translated),,(not translated),,(not translated),,(not translated),
lwmcViewPlan,View Plan →,mt defect,,te,ASH,योजना देखें →,,পরিকল্পনা দেখুন →,,(not translated),,ಪ್ರೋಗ್ರಾಮ್ 99 ನೋಡಿ,,திட்டம் 77 யை பார்வையிடு,,(not translated),
menoLearnGuidance,Learn guidance →,mt defect,,ta te,ASCII org,मार्गदर्शन जानें →,,নির্দেশিকা শিখুন →,,(not translated),,ಮಾರ್ಗದರ್ಶನೆ ಪಡೆಯಿರಿ ❖,,(not translated),,(not translated),
menoSaveTreatment,Save Treatment,mt defect,,kn,Comment,इलाज सेव करें,,চিকিৎসা বাঁচান,,(not translated),,(not translated),,சிகிச்சையை சேமி,,చికిత్సను దాచు,
periCopy,Copy,mt defect,,kn te,action,नाम पर्ची,,কপি করুন,,(not translated),,(not translated),,படியெடு,,(not translated),
periCopyForDoctor,Copy for Doctor,mt defect,,kn,Name,डॉक्टर के लिए कॉपी,,ডাক্তারের জন্য কপি করুন,,(not translated),,(not translated),,மருத்துவர்க்கு நகல் எடு,,డాక్టర్ కొరకు నకలు,
periDailyTransitionCheckIn,Daily Transition Check-In,mt defect,,te,Comment,डेली ट्रांज़िशन चेक - इन,,দৈনিক ট্রানজিশন চেক-ইন,,(not translated),,ಅನುಕ್ರಮಣಿಕೆ ಪರಿಶೀಲನೆ- ಅನುಕ್ರಮಣಿಕೆ,,தினசரி மாற்று சரிபார்ப்பு,,(not translated),
periLogCheckIn,Log Check-In,mt defect,,te,Comment,चेक-इन,,লগ চেক-ইন,,(not translated),,ದಾಖಲೆ ಪರಿಶೀಲನೆ- ಅಂತರ,,பதிவேடு சோதனை,,(not translated),
periNonPredictiveMidlifeRhythm,Non-Predictive Midlife Rhythm,mt defect,,kn ta te,MDAY Rythm,नॉन - प्रिडिक्टिव मिडलाइफ़ रिदम,,অ-কাল্পনিক মিডলাইফ রিদম,,(not translated),,(not translated),,(not translated),,(not translated),
ppBuildDoctorSummary,Build Doctor Summary →,mt defect,,kn ta te,CRL CRLF,डॉक्टर का सारांश बनाएँ →,,ডাক্তারের সারাংশ তৈরি করুন →,,(not translated),,(not translated),,(not translated),,(not translated),
ppLoggedSoiledDiaper,Logged Soiled Diaper 💩,mt defect,,kn ta te,short shutdown,लॉग किए गए गंदे डायपर 💩,,লগড সয়েলড ডায়াপার 💩,,(not translated),,(not translated),,(not translated),,(not translated),
ppLoggedWetDiaper,Logged Wet Diaper 💧,mt defect,,kn ta te,Weet What White,लॉग किए गए गीले डायपर 💧,,লগ করা ভেজা ডায়াপার 💧,,(not translated),,(not translated),,(not translated),,(not translated),
ppTimelineGuideline,TIMELINE GUIDELINE,mt defect,,kn,Comment,टाइमलाइन दिशानिर्देश,,সময়রেখা নির্দেশিকা,,(not translated),,(not translated),,காலக்கெடு திசை,,కాలరేఖా ఆదేశం,
ppTonightWindDown,TONIGHT WIND-DOWN,mt defect,,te,action,आज रात पवन - डाउन,,আজ রাতের বাতাস নিচে,,(not translated),,ನೈರುತ್ಯ ಗಾಳಿಯಲ್ಲಿ ಹೊರನಡೆ,,நேற்றிரவு காற்று,,(not translated),
ppUnderstandWithDocsy,Understand with Docsy →,mt defect,,te,org,डॉक्सी के साथ समझें →,,ডকসির সাথে বোঝাপড়া করুন →,,(not translated),,docsyಯಿಂದ ಕಲಿಯಿರಿ 07,,டாக்ஸியுடன் புரிந்துகொள்ளுங்கள் 74,,(not translated),
ppWhatHappenedEvent,WHAT HAPPENED (EVENT),mt defect,,kn ta te,NAME OF TRANSLATORS ONT,क्या हुआ (इवेंट),,যা ঘটেছিল (ঘটনা),,(not translated),,(not translated),,(not translated),,(not translated),
pregAddMoment,+ Add Moment,mt defect,,kn,modemator,+ पल जोड़ें,,+ মুহূর্ত যোগ করুন,,(not translated),,(not translated),,& சேர் மாதிரி,,+ కలుపు మాంటె,
pregBabyThisWeek,Baby This Week,mt defect,,ta te,title,बेबी इस हफ़्ते,,এই সপ্তাহে বাচ্চা,,(not translated),,ಈ ವಾರದಂದು,,(not translated),,(not translated),
pregExploreWithDocsy,Explore with Docsy,mt defect,,te,Name,Docsy के साथ जायज़ा लें,,ডকসির সাথে অন্বেষণ করুন,,(not translated),,ಡೋಕ್ಸಿಯೊಂದಿಗಿನ ರಿಪೇರಿ,,Docsyயுடன் பின்னோக்கி,,(not translated),
pregShareWithPartner,Share with Partner,mt defect,,te,Name,पार्टनर के साथ शेयर करें,,পার্টনারের সাথে শেয়ার করুন,,(not translated),,ಜೊತೆಗಾರ್ತಿಯೊಂದಿಗೆ ಹಂಚಿಕೊಳ್ಳಿ,,துணையுடன் பங்கிடு,,(not translated),
pregYourNextAppointment,YOUR NEXT APPOINTMENT,mt defect,,te,Pop,आपकी अगली अपॉइंटमेंट,,আপনার পরবর্তী অ্যাপয়েন্টমেন্ট,,(not translated),,ನಿಮ್ಮ ಮುಂದಿನ ಭೇಟಿ,,அடுத்த சந்திப்பு ஏற்பாடு,,(not translated),
stateOfflineWithCache,Not connected. Showing your last saved view.,mt defect,,ta,Docsy,कनेक्ट नहीं है। आपका पिछला सहेजा गया दृश्य दिखाया जा रहा है।,,সংযোগ নেই। আপনার সর্বশেষ সংরক্ষিত দৃশ্য দেখানো হচ্ছে।,,जोडलेले नाही. तुमचे शेवटचे जतन केलेले दृश्य दाखवत आहोत.,,ಸಂಪರ್ಕವಿಲ್ಲ. ನೀವು ಕೊನೆಯದಾಗಿ ಉಳಿಸಿದ ನೋಟವನ್ನು ತೋರಿಸಲಾಗುತ್ತಿದೆ.,,(not translated),,కనెక్షన్ లేదు. మీరు చివరిగా సేవ్ చేసిన వీక్షణ చూపుతోంది.,
dashPregnancyPrepLists,Pregnancy Prep & Lists,pregnancy,pregnancy,,,गर्भावस्था की तैयारी और सूचियाँ,,গর্ভাবস্থার প্রস্তুতি এবং তালিকা,,गर्भधारणा Prep & Lists,,ವಿದ್ಯುತ್ಕೋಶಗಳು ಹಾಗು ಪಟ್ಟಿಗಳು,,கருத்தரிப்பு முன்பொருத்த பட்டியல்கள்,,(e) గర్భస్రావము Prep జాబితాలు,
dashSharedPregnancyTimeline,Shared Pregnancy Timeline,pregnancy,pregnancy,,,शेयर्ड प्रेगनेंसी टाइमलाइन,,ভাগ করা গর্ভাবস্থার সময়রেখা,,सामायिक गर्भधारणा टाइमलाइन,,ಹಂಚಲಾದ ವಿದ್ಯುತ್ಕೋಶ,,பகிரப்பட்ட கர்ப்ப நேர வரி,,భాగస్వామ్య సమయ లైన్,
oHowAreYouFeeding,How are you feeding your baby?,pregnancy,feeding,,,आप अपने शिशु को कैसे दूध पिला रही हैं?,,আপনি আপনার শিশুকে কীভাবে খাওয়াচ্ছেন?,,तुम्ही बाळाला कसे दूध देता?,,ನಿಮ್ಮ ಮಗುವಿಗೆ ಹೇಗೆ ಆಹಾರ ನೀಡುತ್ತಿದ್ದೀರಿ?,,உங்கள் குழந்தைக்கு எப்படி உணவளிக்கிறீர்கள்?,,మీ బిడ్డకు మీరు ఎలా ఆహారం ఇస్తున్నారు?,
oIsThisYourFirst,Is this your first pregnancy?,pregnancy,pregnancy,,,क्या यह आपकी पहली गर्भावस्था है?,,এটি কি আপনার প্রথম গর্ভাবস্থা?,,ही तुमची पहिली गर्भधारणा आहे का?,,ಇದು ನಿಮ್ಮ ಮೊದಲ ಗರ್ಭಧಾರಣೆಯೇ?,,இது உங்கள் முதல் கர்ப்பமா?,,ఇది మీ మొదటి గర్భమా?,
ppCalibratePostpartumPath,Calibrate Postpartum Path,pregnancy,postpartum,,,प्रसवोत्तर पथ को कैलिब्रेट करें,,পোস্টপার্টাম পাথ ক্যালিব্রেট করুন,,(not translated),,ಪೋಸ್ಟ್‌ಪಾಟ್‌ ಪಥವನ್ನು ಲೆಕ್ಕಹಾಕು,,போஸ்ட்பார்ட்டம் பாதையை அளவிடு,,కాలిబరేట్ పోస్టు పథకం,
ppFeedingMethod,FEEDING METHOD,pregnancy,feeding,,,दूध पिलाने का तरीका,,খাওয়ানোর পদ্ধতি,,(not translated),,ಮೇಯಿಸುವ ವಿಧಾನ,,போஷிப்பு முறை,,మేపింగ్ పద్దతి,
ppVaginalBirth,Vaginal Birth,pregnancy,birth,,,योनि में जन्म,,যোনির জন্ম,,(not translated),,ವಿಜಿನ್‍ನ ಜನನ,,விகுணப் பிறப்பு,,విగ్భుత గర్భం,
ppYour4thTrimesterCompanion,Your 4th Trimester Companion,pregnancy,trimester,,,आपका चौथा तिमाही साथी,,আপনার ৪র্থ ত্রৈমাসিক সঙ্গী,,(not translated),,ನಿಮ್ಮ 4ನೇ ಟ್ರೆಮೆಸ್ಟರ್‌ ಜೊತೆ,,உங்கள் 4 - வது ட்ரிமெஸ்டர் துணைவர்,,మీ 4వ ట్రిమిస్టర్ సహచరుడు,
pregAddToPregnancyStory,Add to Pregnancy Story,pregnancy,pregnancy,,,गर्भावस्था की कहानी में जोड़ें,,গর্ভাবস্থার গল্পে যোগ করুন,,(not translated),,ಶೈಶವ ಕಥೆಗೆ ಸೇರಿಸು,,மாதவிடாய் கதையில் சேர்,,గర్తు కథకు జతచేయుము,
pregMyPregnancyStory,MY PREGNANCY STORY,pregnancy,pregnancy,,,मेरी गर्भावस्था की कहानी,,আমার গর্ভাবস্থার গল্প,,(not translated),,ನನ್ನ ಗರ್ಭಧಾರಣೆ,,என் கருத்தரிப்பு கதை,,నా గర్భధారణ కథ,
pregYourGestationalTimeline,YOUR GESTATIONAL TIMELINE,pregnancy,gestational,,,आपकी गर्भकालीन समयरेखा,,আপনার গর্ভকালীন সময়রেখা,,(not translated),,ನಿಮ್ಮ ಮಾತೃಕೆ ಕಾಲಂ,,உங்கள் பராமரிப்பு காலக்கெடு,,మీ ప్రస్థుత కాలరేఖ,
sqHowAreYouFeeding,How are you feeding your baby?,pregnancy,feeding,,,आप अपने शिशु को कैसे दूध पिला रही हैं?,,আপনি আপনার শিশুকে কীভাবে খাওয়াচ্ছেন?,,तुम्ही बाळाला कसे दूध देता?,,ನಿಮ್ಮ ಮಗುವಿಗೆ ಹೇಗೆ ಆಹಾರ ನೀಡುತ್ತಿದ್ದೀರಿ?,,உங்கள் குழந்தைக்கு எப்படி உணவளிக்கிறீர்கள்?,,మీ బిడ్డకు మీరు ఎలా ఆహారం ఇస్తున్నారు?,
sqIsThisYourFirst,Is this your first pregnancy?,pregnancy,pregnancy,,,क्या यह आपकी पहली गर्भावस्था है?,,এটি কি আপনার প্রথম গর্ভাবস্থা?,,ही तुमची पहिली गर्भधारणा आहे का?,,ಇದು ನಿಮ್ಮ ಮೊದಲ ಗರ್ಭಧಾರಣೆಯೇ?,,இது உங்கள் முதல் கர்ப்பமா?,,ఇది మీ మొదటి గర్భమా?,
sqWhatSupportWouldYou,What support would you like during pregnancy?,pregnancy,pregnancy,,,गर्भावस्था के दौरान आप किस तरह का सहयोग चाहेंगी?,,গর্ভাবস্থায় আপনি কী ধরনের সহায়তা চান?,,गर्भधारणेदरम्यान तुम्हाला कोणता आधार हवा आहे?,,ಗರ್ಭಾವಸ್ಥೆಯಲ್ಲಿ ನಿಮಗೆ ಯಾವ ಬೆಂಬಲ ಬೇಕು?,,கர்ப்ப காலத்தில் எந்த ஆதரவை விரும்புகிறீர்கள்?,,గర్భధారణ సమయంలో మీకు ఎలాంటి మద్దతు కావాలి?,
dashPostpartumMStudioEntry,Postpartum M Studio Entry,pregnancy + mt defect,postpartum,ta te,Strigi,प्रसवोत्तर एम स्टूडियो एंट्री,,পোস্টপার্টাম এম স্টুডিও এন্ট্রি,,पोस्टपार्टम एम स्टुडिओ प्रवेश,,ಪೋಸ್ಟ್‌ಪಾಟ್ಯೂಮ್ M ಸ್ಟುಡಿಯೋ ನಮೂದು,,(not translated),,(not translated),
dashPregnancyMStudioEntry,Pregnancy M Studio Entry,pregnancy + mt defect,pregnancy,kn ta,MStrigi Mindiote,गर्भावस्था एम स्टूडियो एंट्री,,গর্ভাবস্থা এম স্টুডিও এন্ট্রি,,गर्भधारणा एम स्टुडिओ प्रवेश,,(not translated),,(not translated),,గర్భస్రావము మెడ్‌డియో ప్రవేశము,
ppActiveNursingStopwatch,Active Nursing Stopwatch,pregnancy + mt defect,nursing,te,QShortcut,एक्टिव नर्सिंग स्टॉपवॉच,,সক্রিয় নার্সিং স্টপওয়াচ,,(not translated),,ಸಕ್ರಿಯ ನರ್ಸ್ ವೀಕ್ಷಣೆ,,இயங்கும் பராமரிப்பாளர் க்வாட்,,(not translated),
ppBabySBirthDate,BABY'S BIRTH DATE,pregnancy + mt defect,birth,kn,Name,बच्चेकी जन्मतिथि,,শিশুর জন্ম তারিখ,,(not translated),,(not translated),,குழந்தை பிறந்த நாள்,,బేబీ యొక్క పుట్టిన తేదీ,
